{
  "project_info": {
    "project_number": "402337475779",
    "firebase_url": "https://realtimedb-1675b.firebaseio.com",
    "project_id": "realtimedb-1675b",
    "storage_bucket": "realtimedb-1675b.appspot.com"
  },
  "client": [
    {
      "client_info": {
        "mobilesdk_app_id": "1:402337475779:android:d9a0565796075aaa",
        "android_client_info": {
          "package_name": "in.wizelab.firebase"
        }
      },
      "oauth_client": [
        {
          "client_id": "402337475779-31cptl7ne6hpggmbdhge0ilmj2od9nbl.apps.googleusercontent.com",
          "client_type": 3
        }
      ],
      "api_key": [
        {
          "current_key": "AIzaSyB2AvbpiUW0JqmImXKH44Y2F7GH-_9b1mE"
        }
      ],
      "services": {
        "analytics_service": {
          "status": 1
        },
        "appinvite_service": {
          "status": 1,
          "other_platform_oauth_client": []
        },
        "ads_service": {
          "status": 2
        }
      }
    }
  ],
  "configuration_version": "1"
}